ADM2_NAME,tahun,bulan,probabilitas_risiko_historis,total_hujan_lag2,total_hujan_lag3,max_hth_lag2,max_hth_lag3,kat_value_lag2,kat_value_lag3,hujan_akumulasi_vegetatif,max_hth_vegetatif,rasio_hujan_lag2,rasio_hujan_lag3,rasio_kat_lag2,rasio_kat_lag3,STATUS_PANEN,Prob_Waspada(%),Prob_Kritis(%),FAKTOR_DOMINAN
BANGKALAN,2026,5,0.3214285714285714,261.7220122940683,302.8138483969308,4.577510620988882,2.9158456114977853,267.50945859581856,267.50945859581856,564.535860690999,4.577510620988882,1.0760798981350397,1.209034621403401,0.7063474324975055,0.7064070780215815,⚠️ WASPADA,86.8,0.1,total_hujan_lag2
BANGKALAN,2026,6,0.3214285714285714,186.9086350256545,261.7220122940683,8.37123745819398,4.577510620988882,266.74882497945777,267.50945859581856,448.6306473197228,8.37123745819398,0.9268073408155388,1.0760798981350397,0.7246118989372419,0.7063474324975055,⚠️ WASPADA,65.4,1.0,total_hujan_lag2
BANGKALAN,2026,7,0.3214285714285714,115.4178520252652,186.9086350256545,15.0,8.37123745819398,241.72856203779784,266.74882497945777,302.3264870509197,15.0,1.0,0.9268073408155388,0.705347045511388,0.7246118989372419,✅ AMAN,42.0,0.7,total_hujan_lag2
BANYUWANGI,2026,5,0.238095238095238,268.3501802436135,487.0850263494384,8.1324905434999,3.09001924480722,280.4291399798589,276.68968311513925,755.4352065930519,8.1324905434999,0.9759632971616282,1.585928856921266,0.5082656451795302,0.5188996823756478,✅ AMAN,26.3,0.0,probabilitas_risiko_historis
BANYUWANGI,2026,6,0.238095238095238,191.695252174016,268.3501802436135,10.38323710929723,8.1324905434999,280.2367593152064,280.4291399798589,460.0454324176295,10.38323710929723,1.1424791114011643,0.9759632971616282,0.5308481944424748,0.5082656451795302,✅ AMAN,20.6,0.3,probabilitas_risiko_historis
BANYUWANGI,2026,7,0.238095238095238,134.1569203752286,191.695252174016,15.0,10.38323710929723,266.71324941255466,280.2367593152064,325.8521725492446,15.0,1.0,1.1424791114011643,0.5503535530087511,0.5308481944424748,✅ AMAN,22.5,1.6,probabilitas_risiko_historis
BATU,2026,5,0.238095238095238,503.56944626864527,549.812947942854,3.487334137515078,2.0,249.53932448733408,249.53932448733408,1053.382394211499,3.487334137515078,1.159232563631065,1.2320759302982311,0.429896635600574,0.4285140073693619,✅ AMAN,5.3,0.0,probabilitas_risiko_historis
BATU,2026,6,0.238095238095238,195.4287483134229,503.56944626864527,7.957780458383595,3.487334137515078,249.53932448733408,249.53932448733408,698.9981945820682,7.957780458383595,0.8557855140109617,1.159232563631065,0.4448276149968799,0.429896635600574,✅ AMAN,43.0,0.6,probabilitas_risiko_historis
BATU,2026,7,0.238095238095238,157.1137334440805,195.4287483134229,15.0,7.957780458383595,248.86827503015675,249.53932448733408,352.5424817575034,15.0,1.0,0.8557855140109617,0.4769482180861106,0.4448276149968799,✅ AMAN,22.1,0.5,probabilitas_risiko_historis
BLITAR,2026,5,0.3571428571428571,287.94481439104084,412.7835965580549,3.4737561334404368,1.8782264074249715,264.03371117907227,264.03371117907227,700.7284109490957,3.4737561334404368,0.9263027877385124,1.278241469612985,0.5760636300094583,0.5734556074530126,⚠️ WASPADA,82.8,0.0,probabilitas_risiko_historis
BLITAR,2026,6,0.3571428571428571,201.4407984544544,287.94481439104084,5.692263396788834,3.4737561334404368,263.5913186195283,264.03371117907227,489.3856128454953,5.692263396788834,1.0321694384158926,0.9263027877385124,0.5978143099622418,0.5760636300094583,⚠️ WASPADA,94.4,0.3,total_hujan_lag2
BLITAR,2026,7,0.3571428571428571,136.36312336871055,201.4407984544544,15.0,5.692263396788834,242.1604121865533,263.5913186195283,337.80392182316496,15.0,1.0,1.0321694384158926,0.600704515425864,0.5978143099622418,⚠️ WASPADA,79.8,0.3,total_hujan_lag2
BOJONEGORO,2026,5,0.3452380952380952,320.51863183033146,361.565159308057,2.0771065595022025,1.0543427534353116,255.85265750583312,255.85265750583312,682.0837911383885,2.0771065595022025,1.0501570179725723,1.1477501680042457,0.5772779081138601,0.5775350019479589,⚠️ WASPADA,94.8,0.0,total_hujan_lag2
BOJONEGORO,2026,6,0.3452380952380952,162.45596095136565,320.51863183033146,5.058128078817731,2.0771065595022025,255.10064920922983,255.85265750583312,482.9745927816971,5.058128078817731,0.8768219569848319,1.0501570179725723,0.5904584491608131,0.5772779081138601,⚠️ WASPADA,64.8,0.1,total_hujan_lag2
BOJONEGORO,2026,7,0.3452380952380952,129.6178749429215,162.45596095136565,15.0,5.058128078817731,228.56386621726708,255.10064920922983,292.0738358942872,15.0,1.0,0.8768219569848319,0.5636810372597975,0.5904584491608131,⚠️ WASPADA,71.8,0.1,total_hujan_lag2
BONDOWOSO,2026,5,0.1071428571428571,399.2865669073085,565.2062847807384,7.561300762888188,2.7893195653849125,314.672358788626,314.672358788626,964.4928516880468,7.561300762888188,1.199305517373046,1.487896918895706,0.555257500989304,0.5644446588000225,✅ AMAN,0.6,0.0,probabilitas_risiko_historis
BONDOWOSO,2026,6,0.1071428571428571,177.00627881365233,399.2865669073085,8.693765893503892,7.561300762888188,314.5588102026663,314.672358788626,576.2928457209608,8.693765893503892,0.9198322155625428,1.199305517373046,0.5672207784919904,0.555257500989304,✅ AMAN,4.2,0.0,probabilitas_risiko_historis
BONDOWOSO,2026,7,0.1071428571428571,111.32162374230852,177.00627881365233,15.0,8.693765893503892,299.96855205363335,314.5588102026663,288.32790255596086,15.0,1.0,0.9198322155625428,0.5820721943803644,0.5672207784919904,✅ AMAN,0.1,0.0,probabilitas_risiko_historis
GRESIK,2026,5,0.1428571428571428,293.80239667825015,332.8760074354377,4.424575108202261,3.7427425314050464,228.08636217777303,228.08636217777303,626.6784041136879,4.424575108202261,1.0909998414061133,1.1414100653596957,0.5747913804223871,0.5835700567040187,✅ AMAN,10.0,0.0,probabilitas_risiko_historis
GRESIK,2026,6,0.1428571428571428,161.8282669656924,293.80239667825015,8.373588092473346,4.424575108202261,224.50001711412983,228.08636217777303,455.6306636439425,8.373588092473346,0.8590579573110485,1.0909998414061133,0.5773145333169434,0.5747913804223871,✅ AMAN,32.7,0.1,probabilitas_risiko_historis
GRESIK,2026,7,0.1428571428571428,127.9102140698278,161.8282669656924,15.0,8.373588092473346,197.86556851000108,224.50001711412983,289.7384810355202,15.0,1.0,0.8590579573110485,0.5405691127038251,0.5773145333169434,✅ AMAN,7.6,0.1,probabilitas_risiko_historis
JEMBER,2026,5,0.1309523809523809,349.47480273798567,539.4980380912461,6.30166902461041,2.154167369928764,323.0040477640396,321.4153589404884,888.9728408292318,6.30166902461041,1.1183103785370705,1.6222520784347512,0.5716343077079172,0.5742435033324546,✅ AMAN,0.9,0.0,probabilitas_risiko_historis
JEMBER,2026,6,0.1309523809523809,209.63425242089767,349.47480273798567,8.498146210071287,6.30166902461041,321.37036714004955,323.0040477640396,559.1090551588834,8.498146210071287,1.194516847898112,1.1183103785370705,0.5857163310587172,0.5716343077079172,✅ AMAN,7.3,0.0,probabilitas_risiko_historis
JEMBER,2026,7,0.1309523809523809,132.77069496977754,209.63425242089767,15.0,8.498146210071287,303.903483347726,321.37036714004955,342.4049473906752,15.0,1.0,1.194516847898112,0.6045640135432938,0.5857163310587172,✅ AMAN,0.5,0.0,probabilitas_risiko_historis
JOMBANG,2026,5,0.2857142857142857,361.63970045123926,453.9409920630128,2.3020499679692508,1.0639547298740122,278.959801409353,278.959801409353,815.5806925142521,2.3020499679692508,1.1127651569809238,1.2272852085831294,0.6512790507773092,0.6553644883672145,⚠️ WASPADA,53.0,0.0,probabilitas_risiko_historis
JOMBANG,2026,6,0.2857142857142857,150.0930827338549,361.63970045123926,6.802797352124707,2.3020499679692508,277.7348259662609,278.959801409353,511.73278318509415,6.802797352124707,0.8716297616628492,1.1127651569809238,0.6711261962877144,0.6512790507773092,✅ AMAN,45.9,0.1,probabilitas_risiko_historis
JOMBANG,2026,7,0.2857142857142857,117.450833126023,150.0930827338549,15.0,6.802797352124707,247.31417680973743,277.7348259662609,267.5439158598779,15.0,1.0,0.8716297616628492,0.6451390849537924,0.6711261962877144,✅ AMAN,33.3,0.2,probabilitas_risiko_historis
KEDIRI,2026,5,0.2857142857142857,369.61629999300817,464.95269590842,2.810267854034521,1.0286026611336625,291.72488804021646,291.72488804021646,834.5689959014283,2.810267854034521,1.1357795961564212,1.318250599500559,0.5891732455863126,0.5908187579909753,✅ AMAN,17.4,0.0,probabilitas_risiko_historis
KEDIRI,2026,6,0.2857142857142857,200.8049215153584,369.61629999300817,5.107232824826108,2.810267854034521,291.707562312443,291.72488804021646,570.4212215083666,5.107232824826108,1.0327814773174375,1.1357795961564212,0.6079973776902018,0.5891732455863126,⚠️ WASPADA,74.5,0.1,total_hujan_lag2
KEDIRI,2026,7,0.2857142857142857,122.57780756800123,200.8049215153584,15.0,5.107232824826108,268.8732134268188,291.707562312443,323.38272908335966,15.0,1.0,1.0327814773174375,0.6043030009352837,0.6079973776902018,⚠️ WASPADA,54.3,0.4,total_hujan_lag2
LAMONGAN,2026,5,0.3333333333333333,315.65170727177707,352.57925558446243,3.2203552568410934,3.0469789452026594,263.1020231808517,263.1020231808517,668.2309628562396,3.2203552568410934,1.1379321291341395,1.1737893884873103,0.5154868792131979,0.521112836842237,⚠️ WASPADA,71.4,0.0,total_hujan_lag2
LAMONGAN,2026,6,0.3333333333333333,142.1475039184457,315.65170727177707,7.03449694808312,3.2203552568410934,260.19605651189903,263.1020231808517,457.7992111902228,7.03449694808312,0.8180532492600594,1.1379321291341395,0.5201944033809575,0.5154868792131979,⚠️ WASPADA,76.0,0.0,total_hujan_lag2
LAMONGAN,2026,7,0.3333333333333333,114.4558440213511,142.1475039184457,15.0,7.03449694808312,230.5415046978944,260.19605651189903,256.6033479397968,15.0,1.0,0.8180532492600594,0.4864813027493974,0.5201944033809575,✅ AMAN,49.4,0.1,probabilitas_risiko_historis
LUMAJANG,2026,5,0.0476190476190476,372.93437972794,492.6140005054231,6.773718287526424,1.9828224101479912,316.44056025369974,312.0439204545454,865.5483802333631,6.773718287526424,1.147388474453606,1.4728416920507368,0.5172043618872444,0.5096233666454902,✅ AMAN,0.1,0.0,probabilitas_risiko_historis
LUMAJANG,2026,6,0.0476190476190476,203.4745586901966,372.93437972794,8.332584566596193,6.773718287526424,316.1495679175476,316.44056025369974,576.4089384181366,8.332584566596193,1.0297738575927466,1.147388474453606,0.5329498409697155,0.5172043618872444,✅ AMAN,1.5,0.0,probabilitas_risiko_historis
LUMAJANG,2026,7,0.0476190476190476,131.705256905844,203.4745586901966,15.0,8.332584566596193,305.0984817653276,316.1495679175476,335.1798155960406,15.0,1.0,1.0297738575927466,0.5561502362719303,0.5329498409697155,✅ AMAN,0.1,0.1,probabilitas_risiko_historis
MADIUN,2026,5,0.1309523809523809,326.8695534292148,415.7788494095525,2.6978249824358267,0.9436416184971098,246.01328688250248,246.01328688250248,742.6484028387673,2.6978249824358267,1.1189617160286758,1.314155130041466,0.5873312070511715,0.5924560893829645,✅ AMAN,1.1,0.0,probabilitas_risiko_historis
MADIUN,2026,6,0.1309523809523809,220.9681195724937,326.8695534292148,5.530491555627922,2.6978249824358267,246.01328688250248,246.01328688250248,547.8376730017085,5.530491555627922,0.9347793678624952,1.1189617160286758,0.6046253051821981,0.5873312070511715,✅ AMAN,18.8,0.1,probabilitas_risiko_historis
MADIUN,2026,7,0.1309523809523809,149.70088873634285,220.9681195724937,15.0,5.530491555627922,223.9726692115873,246.01328688250248,370.6690083088365,15.0,1.0,0.9347793678624952,0.5965177167691019,0.6046253051821981,✅ AMAN,2.3,0.1,probabilitas_risiko_historis
MAGETAN,2026,5,0.1904761904761904,374.6313645320367,450.68734969437634,2.904608059853766,0.9064784900527122,238.3372895766026,238.3372895766026,825.318714226413,2.904608059853766,1.066068221966154,1.2384283297937455,0.4545420636875705,0.4558222732285265,✅ AMAN,7.7,0.0,probabilitas_risiko_historis
MAGETAN,2026,6,0.1904761904761904,233.98795993237704,374.6313645320367,5.777418806325455,2.904608059853766,238.3372895766026,238.3372895766026,608.6193244644137,5.777418806325455,1.0224524168900322,1.066068221966154,0.4659523042174591,0.4545420636875705,✅ AMAN,27.0,0.1,probabilitas_risiko_historis
MAGETAN,2026,7,0.1904761904761904,166.1829597653724,233.98795993237704,15.0,5.777418806325455,218.20465567080427,238.3372895766026,400.1709196977495,15.0,1.0,1.0224524168900322,0.4565349567714545,0.4659523042174591,✅ AMAN,26.5,0.3,probabilitas_risiko_historis
MALANG,2026,5,0.2261904761904762,339.33933091490064,449.5617855231036,4.22489975580855,1.7575617229416358,255.21690542514148,254.7884689734728,788.9011164380042,4.22489975580855,1.0694849974165417,1.2542879018080868,0.4867756534294231,0.4849105263169664,✅ AMAN,21.5,0.1,probabilitas_risiko_historis
MALANG,2026,6,0.2261904761904762,186.00153957692532,339.33933091490064,8.548479316639686,4.22489975580855,255.0014373289976,255.21690542514148,525.340870491826,8.548479316639686,0.9374071977005056,1.0694849974165417,0.5022950190185551,0.4867756534294231,⚠️ WASPADA,53.6,0.6,total_hujan_lag2
MALANG,2026,7,0.2261904761904762,130.78124564542648,186.00153957692532,15.0,8.548479316639686,244.68339200170976,255.0014373289976,316.78278522235183,15.0,1.0,0.9374071977005056,0.5171224620199059,0.5022950190185551,✅ AMAN,14.4,0.3,probabilitas_risiko_historis
MOJOKERTO,2026,5,0.3333333333333333,361.3105110734503,468.1142893090317,2.462947032075704,1.511608526469418,266.5572486843282,266.5572486843282,829.424800382482,2.462947032075704,1.1217321328388066,1.2714453794191487,0.6249114937072104,0.6292162135466541,✅ AMAN,35.7,0.0,probabilitas_risiko_historis
MOJOKERTO,2026,6,0.3333333333333333,176.2650447055584,361.3105110734503,6.990598500675924,2.462947032075704,266.5236957778517,266.5572486843282,537.5755557790087,6.990598500675924,0.9890673629172428,1.1217321328388066,0.6434400017482165,0.6249114937072104,⚠️ WASPADA,76.3,0.1,probabilitas_risiko_historis
MOJOKERTO,2026,7,0.3333333333333333,102.72437167672884,176.2650447055584,15.0,6.990598500675924,237.9917200486055,266.5236957778517,278.98941638228723,15.0,1.0,0.9890673629172428,0.6161411967643499,0.6434400017482165,✅ AMAN,36.4,0.1,probabilitas_risiko_historis
NGANJUK,2026,5,0.2857142857142857,366.055980826459,452.8861917805811,2.2782415136338336,0.985067705434984,290.934919309961,290.934919309961,818.9421726070401,2.2782415136338336,1.1201926902032395,1.3169831031459478,0.6713712510438941,0.6711559510323958,✅ AMAN,27.9,0.0,probabilitas_risiko_historis
NGANJUK,2026,6,0.2857142857142857,175.59316134742494,366.055980826459,5.754590984974958,2.2782415136338336,290.93028009645707,290.934919309961,541.649142173884,5.754590984974958,0.9453107134408044,1.1201926902032395,0.6892768996726242,0.6713712510438941,⚠️ WASPADA,73.2,0.4,probabilitas_risiko_historis
NGANJUK,2026,7,0.2857142857142857,120.47163611277917,175.59316134742494,15.0,5.754590984974958,266.26110554628093,290.93028009645707,296.0647974602041,15.0,1.0,0.9453107134408044,0.675397447095558,0.6892768996726242,✅ AMAN,37.2,0.6,probabilitas_risiko_historis
NGAWI,2026,5,0.0952380952380952,340.82441742146625,386.6796998382793,2.79604641168887,0.884572410829394,220.6625096691019,220.6625096691019,727.5041172597455,2.79604641168887,1.0231646898766462,1.1783821907842715,0.4605296317617292,0.4641056659889424,✅ AMAN,1.4,0.0,probabilitas_risiko_historis
NGAWI,2026,6,0.0952380952380952,218.87892149813345,340.82441742146625,4.594241512677266,2.79604641168887,220.6625096691019,220.6625096691019,559.7033389195997,4.594241512677266,1.0204970327092375,1.0231646898766462,0.4728682996743229,0.4605296317617292,✅ AMAN,3.4,0.0,probabilitas_risiko_historis
NGAWI,2026,7,0.0952380952380952,160.96739810043383,218.87892149813345,15.0,4.594241512677266,196.10509669101853,220.6625096691019,379.8463195985673,15.0,1.0,1.0204970327092375,0.452355494843313,0.4728682996743229,✅ AMAN,0.8,0.1,probabilitas_risiko_historis
PACITAN,2026,5,0.3452380952380952,324.51172627666256,483.0998928169349,3.804110842972456,1.2250977781476242,284.96432378414386,284.96432378414386,807.6116190935975,3.804110842972456,0.9832699948115132,1.3678406638974507,0.683391215612134,0.6788853573175855,⚠️ WASPADA,52.4,0.0,probabilitas_risiko_historis
PACITAN,2026,6,0.3452380952380952,220.172034532484,324.51172627666256,6.347923774652575,3.804110842972456,284.69902898067954,284.96432378414386,544.6837608091465,6.347923774652575,1.2874809459246226,0.9832699948115132,0.7059896193755448,0.683391215612134,⚠️ WASPADA,60.0,0.1,total_hujan_lag2
PACITAN,2026,7,0.3452380952380952,130.91705680350182,220.172034532484,15.0,6.347923774652575,267.36848934043974,284.69902898067954,351.0890913359858,15.0,1.0,1.2874809459246226,0.7196898507611653,0.7059896193755448,✅ AMAN,46.8,0.1,probabilitas_risiko_historis
PAMEKASAN,2026,5,0.2142857142857142,242.18710593844,355.6539289256303,10.944942005579213,3.2909998531786813,231.1302892379973,231.1302892379973,597.8410348640703,10.944942005579213,0.9168875873928072,1.3767114033036476,0.5913747151406815,0.593733935889368,✅ AMAN,29.6,0.0,probabilitas_risiko_historis
PAMEKASAN,2026,6,0.2142857142857142,151.75990208821966,242.18710593844,10.154602848333576,10.944942005579213,230.99377477609744,231.1302892379973,393.94700802665966,10.944942005579213,0.7589163964831968,0.9168875873928072,0.6109551850799604,0.5913747151406815,✅ AMAN,9.7,0.2,probabilitas_risiko_historis
PAMEKASAN,2026,7,0.2142857142857142,103.31712456951182,151.75990208821966,15.0,10.154602848333576,203.11639700484503,230.99377477609744,255.0770266577315,15.0,1.0,0.7589163964831968,0.588411033884881,0.6109551850799604,✅ AMAN,7.9,0.1,probabilitas_risiko_historis
PASURUAN,2026,5,0.2857142857142857,327.1953347623619,430.2788751434429,4.119566842523953,1.895401262398557,286.35764162285705,283.476379409901,757.4742099058049,4.119566842523953,1.3471590344595776,1.3997798647861133,0.8577644989434249,0.8405154523865532,✅ AMAN,26.9,0.0,probabilitas_risiko_historis
PASURUAN,2026,6,0.2857142857142857,149.8339210973847,327.1953347623619,7.974984546109304,4.119566842523953,285.53922012630164,286.35764162285705,477.02925585974657,7.974984546109304,1.005648857537498,1.3471590344595776,0.8937499315922776,0.8577644989434249,✅ AMAN,23.3,0.1,probabilitas_risiko_historis
PASURUAN,2026,7,0.2857142857142857,92.99998148170424,149.8339210973847,15.0,7.974984546109304,255.0276886753786,285.53922012630164,242.8339025790889,15.0,1.0,1.005648857537498,0.8636834668720613,0.8937499315922776,✅ AMAN,7.5,0.2,probabilitas_risiko_historis
PONOROGO,2026,5,0.238095238095238,355.3725826461993,464.5634698378651,3.3143461701227257,1.282776132035548,267.0807024968262,267.0807024968262,819.9360524840645,3.3143461701227257,1.080048316883314,1.3813239331992575,0.5628858140009337,0.5624394732038239,✅ AMAN,19.6,0.0,probabilitas_risiko_historis
PONOROGO,2026,6,0.238095238095238,223.3592529218984,355.3725826461993,6.104443504020314,3.3143461701227257,267.0807024968262,267.0807024968262,578.7318355680977,6.104443504020314,1.132128095558434,1.080048316883314,0.5801596891945976,0.5628858140009337,⚠️ WASPADA,53.8,0.1,total_hujan_lag2
PONOROGO,2026,7,0.238095238095238,136.05309814729443,223.3592529218984,15.0,6.104443504020314,250.57416673719857,267.0807024968262,359.4123510691928,15.0,1.0,1.132128095558434,0.5855741712682757,0.5801596891945976,✅ AMAN,36.5,1.4,probabilitas_risiko_historis
PROBOLINGGO,2026,5,0.2738095238095238,365.6339541265809,481.91161650178265,8.97622875647606,2.7631662308506395,323.50460199097984,318.6630904462012,847.5455706283635,8.97622875647606,1.6057166811188084,1.695445353623676,0.6934195129683663,0.6756478340503169,⚠️ WASPADA,80.0,0.0,probabilitas_risiko_historis
PROBOLINGGO,2026,6,0.2738095238095238,128.11342560470948,365.6339541265809,8.177727246832879,8.97622875647606,320.7069990010599,323.50460199097984,493.7473797312904,8.97622875647606,0.9660176744508616,1.6057166811188084,0.7192074020135025,0.6934195129683663,⚠️ WASPADA,83.3,0.6,probabilitas_risiko_historis
PROBOLINGGO,2026,7,0.2738095238095238,84.50006867209983,128.11342560470948,15.0,8.177727246832879,291.63941189629315,320.7069990010599,212.6134942768093,15.0,1.0,0.9660176744508616,0.7163569491869306,0.7192074020135025,✅ AMAN,32.3,8.4,total_hujan_lag2
SAMPANG,2026,5,0.2261904761904762,241.3208904180337,319.3057145332247,5.748637129547029,3.322826841114083,273.9763074484944,273.9763074484944,560.6266049512584,5.748637129547029,0.9800930421157816,1.2775305598906606,0.6761359170238526,0.6788095985849979,⚠️ WASPADA,82.5,0.0,total_hujan_lag2
SAMPANG,2026,6,0.2261904761904762,164.26199988756878,241.3208904180337,8.556348498364553,5.748637129547029,273.3269572107766,273.9763074484944,405.5828903056025,8.556348498364553,0.8603725775254578,0.9800930421157816,0.6947885455841606,0.6761359170238526,✅ AMAN,33.4,1.9,probabilitas_risiko_historis
SAMPANG,2026,7,0.2261904761904762,106.8682392665071,164.26199988756878,15.0,8.556348498364553,244.92407290015845,273.3269572107766,271.13023915407587,15.0,1.0,0.8603725775254578,0.678796675112423,0.6947885455841606,✅ AMAN,14.8,1.0,probabilitas_risiko_historis
SIDOARJO,2026,5,0.238095238095238,307.9381413321194,399.5087990613424,2.7346300022356367,1.8390342052313884,270.95189732142865,270.95189732142865,707.4469403934618,2.7346300022356367,1.051488208877115,1.2130089806933926,0.834431627890748,0.8359044458000022,⚠️ WASPADA,57.4,0.7,total_hujan_lag2
SIDOARJO,2026,6,0.238095238095238,191.0467867923215,307.9381413321194,6.889112452492736,2.7346300022356367,270.26065178571434,270.95189732142865,498.9849281244409,6.889112452492736,1.015134957641237,1.051488208877115,0.86551322893352,0.834431627890748,⚠️ WASPADA,56.2,4.8,total_hujan_lag2
SIDOARJO,2026,7,0.238095238095238,112.80275062335946,191.0467867923215,15.0,6.889112452492736,237.0868482142857,270.26065178571434,303.84953741568097,15.0,1.0,1.015134957641237,0.8257820242496536,0.86551322893352,✅ AMAN,20.1,0.7,probabilitas_risiko_historis
SITUBONDO,2026,5,0.2619047619047619,350.5495204743161,490.1797044243614,9.262439233628823,2.666714326565627,310.0368037770942,307.22823520995775,840.7292248986776,9.262439233628823,1.352989037602033,1.5717637410935903,0.5346701776878805,0.5418713041796968,⚠️ WASPADA,81.4,0.0,probabilitas_risiko_historis
SITUBONDO,2026,6,0.2619047619047619,113.7885382098063,350.5495204743161,9.100800686302543,9.262439233628823,309.1393132555977,310.0368037770942,464.3380586841224,9.262439233628823,0.8432971561783892,1.352989037602033,0.5477679834287066,0.5346701776878805,⚠️ WASPADA,90.9,0.0,total_hujan_lag2
SITUBONDO,2026,7,0.2619047619047619,81.33072049046962,113.7885382098063,15.0,9.100800686302543,281.24160097288785,309.1393132555977,195.1192587002759,15.0,1.0,0.8432971561783892,0.5404980866705835,0.5477679834287066,✅ AMAN,38.4,1.6,total_hujan_lag2
SUMENEP,2026,5,0.2619047619047619,246.31360376982883,353.384755057599,9.584530903142886,4.856817385208551,124.33207547169808,124.33207547169808,599.6983588274279,9.584530903142886,1.0340567832760323,1.3792218177848483,0.295695219039853,0.3130386517068385,⚠️ WASPADA,93.3,0.0,total_hujan_lag2
SUMENEP,2026,6,0.2619047619047619,110.70878871117584,246.31360376982883,13.178233438485806,9.584530903142886,122.43248828669114,124.33207547169808,357.02239248100466,13.178233438485806,0.6631627563329181,1.0340567832760323,0.2948420589087715,0.295695219039853,⚠️ WASPADA,54.3,1.2,total_hujan_lag2
SUMENEP,2026,7,0.2619047619047619,105.98203290264358,110.70878871117584,15.0,13.178233438485806,102.3741610738255,122.43248828669114,216.69082161381945,15.0,1.0,0.6631627563329181,0.2568217010712258,0.2948420589087715,⚠️ WASPADA,54.7,2.8,total_hujan_lag2
SURABAYA,2026,5,0.238095238095238,280.5359138833756,368.8560892571063,2.783513405362144,3.143657462985194,269.1328531412565,269.1328531412565,649.3920031404818,3.143657462985194,1.0384680531016806,1.2089989337462663,0.8943382035884567,0.8965936360570298,✅ AMAN,47.0,0.6,probabilitas_risiko_historis
SURABAYA,2026,6,0.238095238095238,178.83796808136705,280.5359138833756,8.062424969987996,2.783513405362144,264.71615046018405,269.1328531412565,459.3738819647426,8.062424969987996,0.9604068277325678,1.0384680531016806,0.9102009472657292,0.8943382035884567,✅ AMAN,22.9,17.7,probabilitas_risiko_historis
SURABAYA,2026,7,0.238095238095238,109.92324848540608,178.83796808136705,15.0,8.062424969987996,232.84132853141253,264.71615046018405,288.7612165667731,15.0,1.0,0.9604068277325678,0.8635305108875477,0.9102009472657292,✅ AMAN,8.3,0.4,probabilitas_risiko_historis
TRENGGALEK,2026,5,0.3333333333333333,334.7087196583857,468.4128324782226,3.978755547162685,1.4740817675384763,274.08621049634627,274.08621049634627,803.1215521366082,3.978755547162685,1.020613006385385,1.444127181875139,0.5583422794993036,0.555945687298241,✅ AMAN,38.4,0.0,probabilitas_risiko_historis
TRENGGALEK,2026,6,0.3333333333333333,219.85090284414628,334.7087196583857,6.945614200736475,3.978755547162685,274.0103691752872,274.08621049634627,554.559622502532,6.945614200736475,1.203999442259211,1.020613006385385,0.5765055708148511,0.5583422794993036,⚠️ WASPADA,73.1,0.0,total_hujan_lag2
TRENGGALEK,2026,7,0.3333333333333333,134.28213055223048,219.85090284414628,15.0,6.945614200736475,259.57403815127657,274.0103691752872,354.13303339637673,15.0,1.0,1.203999442259211,0.5896602230157487,0.5765055708148511,⚠️ WASPADA,51.6,0.1,total_hujan_lag2
TUBAN,2026,5,0.4761904761904761,275.211864580787,280.4692373615505,3.0770523283725395,2.795367258761402,241.87313970235243,241.87313970235243,555.6811019423375,3.0770523283725395,1.1043603378484503,1.0834937936602618,0.552664517062516,0.5487740223038104,⚠️ WASPADA,88.6,0.1,probabilitas_risiko_historis
TUBAN,2026,6,0.4761904761904761,131.49094658532053,275.211864580787,6.103396543446952,3.0770523283725395,237.6514810369659,241.87313970235243,406.7028111661075,6.103396543446952,0.8324505677712458,1.1043603378484503,0.5582064264024743,0.552664517062516,⚠️ WASPADA,90.6,0.1,total_hujan_lag2
TUBAN,2026,7,0.4761904761904761,100.32940820160296,131.49094658532053,15.0,6.103396543446952,208.7775300048008,237.6514810369659,231.82035478692347,15.0,1.0,0.8324505677712458,0.5199365203171925,0.5582064264024743,⚠️ WASPADA,82.5,0.1,total_hujan_lag2
TULUNGAGUNG,2026,5,0.3333333333333333,303.2663132918697,435.2663626332808,4.012710550790535,1.4901312390203576,284.6935420541434,284.6935420541434,738.5326759251504,4.012710550790535,1.0674444616502778,1.4241938355518116,0.5747695687318973,0.5742162886225354,✅ AMAN,45.9,0.0,probabilitas_risiko_historis
TULUNGAGUNG,2026,6,0.3333333333333333,199.940358502468,303.2663132918697,7.409837759636251,4.012710550790535,284.69100227319694,284.6935420541434,503.2066717943377,7.409837759636251,1.105727025250894,1.0674444616502778,0.5932872450022373,0.5747695687318973,⚠️ WASPADA,73.0,0.1,total_hujan_lag2
TULUNGAGUNG,2026,7,0.3333333333333333,121.3370450238544,199.940358502468,15.0,7.409837759636251,265.46845422607976,284.69100227319694,321.2774035263224,15.0,1.0,1.105727025250894,0.5971345895811061,0.5932872450022373,⚠️ WASPADA,54.7,0.2,total_hujan_lag2
